-- MariaDB dump 10.19  Distrib 10.4.21-MariaDB, for Win64 (AMD64)
--
-- Host: localhost    Database: memekeller
-- ------------------------------------------------------
-- Server version	10.4.21-MariaDB

create database if not exists Memekeller;
use Memekeller;
Create User 'Memelord'@'localhost' identified by 'Memes1234';
Grant all on memekeller.* to 'Memelord'@'localhost';


/*!40101 SET @OLD_CHARACTER_SET_CLIENT=@@CHARACTER_SET_CLIENT */;
/*!40101 SET @OLD_CHARACTER_SET_RESULTS=@@CHARACTER_SET_RESULTS */;
/*!40101 SET @OLD_COLLATION_CONNECTION=@@COLLATION_CONNECTION */;
/*!40101 SET NAMES utf8mb4 */;
/*!40103 SET @OLD_TIME_ZONE=@@TIME_ZONE */;
/*!40103 SET TIME_ZONE='+00:00' */;
/*!40014 SET @OLD_UNIQUE_CHECKS=@@UNIQUE_CHECKS, UNIQUE_CHECKS=0 */;
/*!40014 SET @OLD_FOREIGN_KEY_CHECKS=@@FOREIGN_KEY_CHECKS, FOREIGN_KEY_CHECKS=0 */;
/*!40101 SET @OLD_SQL_MODE=@@SQL_MODE, SQL_MODE='NO_AUTO_VALUE_ON_ZERO' */;
/*!40111 SET @OLD_SQL_NOTES=@@SQL_NOTES, SQL_NOTES=0 */;

--
-- Table structure for table `collection`
--

DROP TABLE IF EXISTS `collection`;
/*!40101 SET @saved_cs_client     = @@character_set_client */;
/*!40101 SET character_set_client = utf8 */;
CREATE TABLE `collection` (
  `collection_id` int(11) NOT NULL AUTO_INCREMENT,
  `id_meme` int(11) DEFAULT NULL,
  `id_user` int(11) DEFAULT NULL,
  PRIMARY KEY (`collection_id`),
  UNIQUE KEY `collection_info` (`id_meme`,`id_user`),
  KEY `FK_CollectionUser` (`id_user`),
  CONSTRAINT `FK_CollectionMeme` FOREIGN KEY (`id_meme`) REFERENCES `meme` (`id`) ON DELETE CASCADE,
  CONSTRAINT `FK_CollectionUser` FOREIGN KEY (`id_user`) REFERENCES `memeuser` (`id`) ON DELETE CASCADE
) ENGINE=InnoDB AUTO_INCREMENT=416 DEFAULT CHARSET=utf8mb4;
/*!40101 SET character_set_client = @saved_cs_client */;

--
-- Dumping data for table `collection`
--

LOCK TABLES `collection` WRITE;
/*!40000 ALTER TABLE `collection` DISABLE KEYS */;
INSERT INTO `collection` VALUES (2,2,3),(3,3,3),(4,4,4),(5,5,3),(6,6,4),(7,7,4),(8,8,2),(9,9,5),(10,10,5),(11,11,5),(12,12,4),(13,13,5),(14,14,2),(15,15,4),(16,16,4),(17,17,5),(18,18,1),(19,19,2),(20,20,4),(21,21,2),(22,22,3),(23,23,2),(24,24,2),(25,25,5),(26,26,5),(27,27,4),(28,28,1),(29,29,4),(30,30,2),(31,31,3),(32,32,2),(33,33,4),(34,34,3),(35,35,3),(36,36,3),(37,37,4),(38,38,2),(39,39,4),(40,40,5),(41,41,2),(42,42,5),(43,43,5),(44,44,5),(45,45,3),(46,46,2),(47,47,2),(48,48,3),(49,49,3),(50,50,3),(51,51,1),(52,52,1),(53,53,4),(54,54,4),(55,55,2),(56,56,5),(57,57,5),(58,58,1),(59,59,3),(60,60,3),(61,61,1),(62,62,1),(63,63,5),(64,64,1),(65,65,1),(66,66,5),(67,67,1),(68,68,1),(69,69,1),(70,70,2),(71,71,4),(72,72,2),(73,73,4),(74,74,1),(75,75,1),(76,76,5),(77,77,4),(78,78,5),(79,79,5),(80,80,2),(81,81,3),(82,82,2),(83,83,1),(84,84,5),(85,85,1),(86,86,3),(87,87,1),(88,88,4),(89,89,1),(90,90,1),(91,91,1),(92,92,5),(93,93,2),(94,94,5),(95,95,3),(96,96,1),(97,97,4),(98,98,3),(99,99,5),(100,100,4),(101,101,3),(102,102,5),(103,103,4),(104,104,4),(105,105,1),(106,106,4),(107,107,4),(108,108,5),(109,109,2),(110,110,5),(111,111,1),(112,112,1),(113,113,3),(114,114,1),(115,115,4),(116,116,2),(117,117,3),(118,118,2),(119,119,3),(120,120,3),(121,121,3),(122,122,1),(123,123,4),(124,124,5),(125,125,4),(126,126,1),(127,127,1),(128,128,4),(129,129,5),(130,130,5),(131,131,2),(132,132,1),(133,133,5),(134,134,1),(135,135,4),(136,136,2),(137,137,2),(138,138,4),(139,139,2),(140,140,3),(141,141,1),(142,142,3),(143,143,1),(144,144,5),(145,145,2),(146,146,5),(147,147,5),(148,148,2),(149,149,2),(150,150,2),(151,151,3),(152,152,1),(153,153,1),(154,154,3),(155,155,5),(156,156,3),(157,157,4),(158,158,3),(159,159,3),(160,160,5),(161,161,1),(162,162,4),(163,163,1),(164,164,2),(165,165,2),(166,166,1),(167,167,3),(168,168,4),(169,169,5),(170,170,4),(171,171,5),(172,172,4),(173,173,3),(174,174,4),(175,175,5),(176,176,4),(177,177,1),(178,178,4),(179,179,2),(180,180,1),(181,181,2),(182,182,2),(183,183,5),(184,184,3),(185,185,5),(186,186,1),(187,187,5),(188,188,2),(189,189,3),(190,190,1),(191,191,4),(192,192,2),(193,193,4),(194,194,5),(195,195,2),(196,196,5),(197,197,1),(198,198,4),(199,199,4),(200,200,1),(201,201,1),(202,202,5),(203,203,1),(204,204,4),(205,205,2),(206,206,4),(207,207,5),(208,208,2),(209,209,3),(210,210,1),(211,211,1),(212,212,2),(213,213,2),(214,214,5),(215,215,3),(216,216,1),(217,217,4),(218,218,1),(219,219,3),(220,220,5),(221,221,2),(222,222,4),(223,223,1),(224,224,2),(225,225,4),(226,226,2),(227,227,5),(228,228,4),(229,229,1),(230,230,3),(231,231,2),(232,232,1),(233,233,1),(234,234,1),(235,235,4),(236,236,3),(237,237,3),(238,238,1),(239,239,5),(240,240,1),(241,241,2),(242,242,3),(243,243,3),(244,244,5),(245,245,1),(246,246,2),(247,247,4),(248,248,3),(249,249,1),(250,250,1),(251,251,3),(252,252,1),(253,253,3),(254,254,3),(255,255,1),(256,256,4),(257,257,2),(258,258,1),(259,259,3),(260,260,5),(261,261,1),(262,262,2),(263,263,4),(264,264,2),(265,265,4),(266,266,4),(267,267,2),(268,268,4),(269,269,5),(270,270,2),(271,271,2),(272,272,2),(273,273,4),(274,274,1),(275,275,2),(276,276,3),(277,277,3),(278,278,5),(279,279,1),(280,280,5),(281,281,5),(282,282,3),(283,283,2),(284,284,1),(285,285,2),(286,286,5),(287,287,3),(288,288,3),(289,289,3),(290,290,5),(291,291,1),(292,292,3),(293,293,3),(294,294,4),(295,295,5),(296,296,5),(297,297,3),(298,298,2),(299,299,2),(300,300,4),(301,301,4),(302,302,3),(303,303,1),(304,304,1),(305,305,1),(306,306,2),(307,307,4),(308,308,3),(309,309,4),(310,310,5),(311,311,3),(312,312,1),(313,313,5),(314,314,2),(315,315,1),(316,316,5),(317,317,5),(318,318,1),(319,319,4),(320,320,3),(321,321,3),(322,322,4),(323,323,2),(324,324,1),(325,325,5),(326,326,3),(327,327,1),(328,328,5),(329,329,3),(330,330,3),(331,331,2),(332,332,2),(333,333,2),(334,334,1),(335,335,2),(336,336,5),(337,337,5),(338,338,3),(339,339,2),(340,340,2),(341,341,2),(342,342,2),(343,343,4),(344,344,4),(345,345,4),(346,346,3),(347,347,1),(348,348,3),(349,349,4),(350,350,2),(351,351,2),(352,352,3),(353,353,4),(354,354,3),(355,355,5),(356,356,2),(357,357,1),(358,358,4),(359,359,1),(360,360,2),(361,361,2),(362,362,4),(363,363,4),(364,364,4),(365,365,5),(366,366,3),(367,367,4),(368,368,5),(369,369,1),(370,370,3),(371,371,2),(372,372,2),(373,373,4),(374,374,3),(375,375,1),(376,376,3),(377,377,3),(378,378,2),(379,379,3),(380,380,2),(381,381,1),(382,382,1),(383,383,3),(384,384,2),(385,385,2),(386,386,1),(387,387,3),(388,388,2),(389,389,3),(390,390,5),(391,391,2),(392,392,5),(393,393,3),(394,394,4),(395,395,5),(396,396,5),(397,397,1),(398,398,2),(399,399,2),(400,400,1),(401,401,2),(402,402,2),(403,403,5),(404,404,3),(405,405,4),(406,406,1),(407,407,3),(408,408,5),(409,409,3),(410,410,1),(411,411,4),(412,412,1),(413,413,5),(414,414,4),(415,415,1);
/*!40000 ALTER TABLE `collection` ENABLE KEYS */;
UNLOCK TABLES;

--
-- Table structure for table `likedislikes`
--

DROP TABLE IF EXISTS `likedislikes`;
/*!40101 SET @saved_cs_client     = @@character_set_client */;
/*!40101 SET character_set_client = utf8 */;
CREATE TABLE `likedislikes` (
  `id` int(11) NOT NULL AUTO_INCREMENT,
  `post_id` int(11) DEFAULT NULL,
  `user_id` int(11) DEFAULT NULL,
  `like_dislike` bit(1) DEFAULT NULL,
  PRIMARY KEY (`id`),
  KEY `FK_ResponseMeme` (`post_id`),
  KEY `FK_ResponseUser` (`user_id`),
  CONSTRAINT `FK_ResponseMeme` FOREIGN KEY (`post_id`) REFERENCES `meme` (`id`) ON DELETE CASCADE,
  CONSTRAINT `FK_ResponseUser` FOREIGN KEY (`user_id`) REFERENCES `memeuser` (`id`) ON DELETE CASCADE
) ENGINE=InnoDB AUTO_INCREMENT=463 DEFAULT CHARSET=utf8mb4;
/*!40101 SET character_set_client = @saved_cs_client */;

--
-- Dumping data for table `likedislikes`
--

LOCK TABLES `likedislikes` WRITE;
/*!40000 ALTER TABLE `likedislikes` DISABLE KEYS */;
INSERT INTO `likedislikes` VALUES (1,18,1,''),(2,28,1,''),(3,51,1,''),(4,52,1,''),(5,58,1,''),(6,61,1,''),(7,62,1,''),(8,64,1,''),(9,65,1,''),(10,67,1,''),(11,68,1,''),(12,69,1,''),(13,74,1,''),(14,75,1,''),(15,83,1,''),(16,85,1,''),(17,87,1,''),(18,89,1,''),(19,90,1,''),(20,91,1,''),(21,96,1,''),(22,105,1,''),(23,111,1,''),(24,112,1,''),(25,114,1,''),(26,122,1,''),(27,126,1,''),(28,127,1,''),(29,132,1,''),(30,134,1,''),(31,141,1,''),(32,143,1,''),(33,152,1,''),(34,153,1,''),(35,161,1,''),(36,163,1,''),(37,166,1,''),(38,177,1,''),(39,180,1,''),(40,186,1,''),(41,190,1,''),(42,197,1,''),(43,200,1,''),(44,201,1,''),(45,203,1,''),(46,210,1,''),(47,211,1,''),(48,216,1,''),(49,218,1,''),(50,223,1,''),(51,229,1,''),(52,232,1,''),(53,233,1,''),(54,234,1,''),(55,238,1,''),(56,240,1,''),(57,245,1,''),(58,249,1,''),(59,250,1,''),(60,252,1,''),(61,255,1,''),(62,258,1,''),(63,261,1,''),(64,274,1,''),(65,279,1,''),(66,284,1,''),(67,291,1,''),(68,303,1,''),(69,304,1,''),(70,305,1,''),(71,312,1,''),(72,315,1,''),(73,318,1,''),(74,324,1,''),(75,327,1,''),(76,334,1,''),(77,347,1,''),(78,357,1,''),(79,359,1,''),(80,369,1,''),(81,375,1,''),(82,381,1,''),(83,382,1,''),(84,386,1,''),(85,397,1,''),(86,400,1,''),(87,406,1,''),(88,410,1,''),(89,412,1,''),(90,415,1,''),(91,8,2,''),(92,14,2,''),(93,19,2,''),(94,21,2,''),(95,23,2,''),(96,24,2,''),(97,30,2,''),(98,32,2,''),(99,38,2,''),(100,41,2,''),(101,46,2,''),(102,47,2,''),(103,55,2,''),(104,70,2,''),(105,72,2,''),(106,80,2,''),(107,82,2,''),(108,93,2,''),(109,109,2,''),(110,116,2,''),(111,118,2,''),(112,131,2,''),(113,136,2,''),(114,137,2,''),(115,139,2,''),(116,145,2,''),(117,148,2,''),(118,149,2,''),(119,150,2,''),(120,164,2,''),(121,165,2,''),(122,179,2,''),(123,181,2,''),(124,182,2,''),(125,188,2,''),(126,192,2,''),(127,195,2,''),(128,205,2,''),(129,208,2,''),(130,212,2,''),(131,213,2,''),(132,221,2,''),(133,224,2,''),(134,226,2,''),(135,231,2,''),(136,241,2,''),(137,246,2,''),(138,257,2,''),(139,262,2,''),(140,264,2,''),(141,267,2,''),(142,270,2,''),(143,271,2,''),(144,272,2,''),(145,275,2,''),(146,283,2,''),(147,285,2,''),(148,298,2,''),(149,299,2,''),(150,306,2,''),(151,314,2,''),(152,323,2,''),(153,331,2,''),(154,332,2,''),(155,333,2,''),(156,335,2,''),(157,339,2,''),(158,340,2,''),(159,341,2,''),(160,342,2,''),(161,350,2,''),(162,351,2,''),(163,356,2,''),(164,360,2,''),(165,361,2,''),(166,371,2,''),(167,372,2,''),(168,378,2,''),(169,380,2,''),(170,384,2,''),(171,385,2,''),(172,388,2,''),(173,391,2,''),(174,398,2,''),(175,399,2,''),(176,401,2,''),(177,402,2,''),(178,2,3,''),(179,3,3,''),(180,5,3,''),(181,22,3,''),(182,31,3,''),(183,34,3,''),(184,35,3,''),(185,36,3,''),(186,45,3,''),(187,48,3,''),(188,49,3,''),(189,50,3,''),(190,59,3,''),(191,60,3,''),(192,81,3,''),(193,86,3,''),(194,95,3,''),(195,98,3,''),(196,101,3,''),(197,113,3,''),(198,117,3,''),(199,119,3,''),(200,120,3,''),(201,121,3,''),(202,140,3,''),(203,142,3,''),(204,151,3,''),(205,154,3,''),(206,156,3,''),(207,158,3,''),(208,159,3,''),(209,167,3,''),(210,173,3,''),(211,184,3,''),(212,189,3,''),(213,209,3,''),(214,215,3,''),(215,219,3,''),(216,230,3,''),(217,236,3,''),(218,237,3,''),(219,242,3,''),(220,243,3,''),(221,248,3,''),(222,251,3,''),(223,253,3,''),(224,254,3,''),(225,259,3,''),(226,276,3,''),(227,277,3,''),(228,282,3,''),(229,287,3,''),(230,288,3,''),(231,289,3,''),(232,292,3,''),(233,293,3,''),(234,297,3,''),(235,302,3,''),(236,308,3,''),(237,311,3,''),(238,320,3,''),(239,321,3,''),(240,326,3,''),(241,329,3,''),(242,330,3,''),(243,338,3,''),(244,346,3,''),(245,348,3,''),(246,352,3,''),(247,354,3,''),(248,366,3,''),(249,370,3,''),(250,374,3,''),(251,376,3,''),(252,377,3,''),(253,379,3,''),(254,383,3,''),(255,387,3,''),(256,389,3,''),(257,393,3,''),(258,404,3,''),(259,407,3,''),(260,409,3,''),(261,4,4,''),(262,6,4,''),(263,7,4,''),(264,12,4,''),(265,15,4,''),(266,16,4,''),(267,20,4,''),(268,27,4,''),(269,29,4,''),(270,33,4,''),(271,37,4,''),(272,39,4,''),(273,53,4,''),(274,54,4,''),(275,71,4,''),(276,73,4,''),(277,77,4,''),(278,88,4,''),(279,97,4,''),(280,100,4,''),(281,103,4,''),(282,104,4,''),(283,106,4,''),(284,107,4,''),(285,115,4,''),(286,123,4,''),(287,125,4,''),(288,128,4,''),(289,135,4,''),(290,138,4,''),(291,157,4,''),(292,162,4,''),(293,168,4,''),(294,170,4,''),(295,172,4,''),(296,174,4,''),(297,176,4,''),(298,178,4,''),(299,191,4,''),(300,193,4,''),(301,198,4,''),(302,199,4,''),(303,204,4,''),(304,206,4,''),(305,217,4,''),(306,222,4,''),(307,225,4,''),(308,228,4,''),(309,235,4,''),(310,247,4,''),(311,256,4,''),(312,263,4,''),(313,265,4,''),(314,266,4,''),(315,268,4,''),(316,273,4,''),(317,294,4,''),(318,300,4,''),(319,301,4,''),(320,307,4,''),(321,309,4,''),(322,319,4,''),(323,322,4,''),(324,343,4,''),(325,344,4,''),(326,345,4,''),(327,349,4,''),(328,353,4,''),(329,358,4,''),(330,362,4,''),(331,363,4,''),(332,364,4,''),(333,367,4,''),(334,373,4,''),(335,394,4,''),(336,405,4,''),(337,411,4,''),(338,414,4,''),(340,9,5,''),(341,10,5,''),(342,11,5,''),(343,13,5,''),(344,17,5,''),(345,25,5,''),(346,26,5,''),(347,40,5,''),(348,42,5,''),(349,43,5,''),(350,44,5,''),(351,56,5,''),(352,57,5,''),(353,63,5,''),(354,66,5,''),(355,76,5,''),(356,78,5,''),(357,79,5,''),(358,84,5,''),(359,92,5,''),(360,94,5,''),(361,99,5,''),(362,102,5,''),(363,108,5,''),(364,110,5,''),(365,124,5,''),(366,129,5,''),(367,130,5,''),(368,133,5,''),(369,144,5,''),(370,146,5,''),(371,147,5,''),(372,155,5,''),(373,160,5,''),(374,169,5,''),(375,171,5,''),(376,175,5,''),(377,183,5,''),(378,185,5,''),(379,187,5,''),(380,194,5,''),(381,196,5,''),(382,202,5,''),(383,207,5,''),(384,214,5,''),(385,220,5,''),(386,227,5,''),(387,239,5,''),(388,244,5,''),(389,260,5,''),(390,269,5,''),(391,278,5,''),(392,280,5,''),(393,281,5,''),(394,286,5,''),(395,290,5,''),(396,295,5,''),(397,296,5,''),(398,310,5,''),(399,313,5,''),(400,316,5,''),(401,317,5,''),(402,325,5,''),(403,328,5,''),(404,336,5,''),(405,337,5,''),(406,355,5,''),(407,365,5,''),(408,368,5,''),(409,390,5,''),(410,392,5,''),(411,395,5,''),(412,396,5,''),(413,403,5,''),(414,408,5,''),(415,413,5,''),(417,2,1,''),(418,11,1,''),(419,12,1,''),(420,12,2,'\0'),(422,2,6,''),(423,95,6,'\0'),(424,97,6,''),(425,96,6,''),(426,167,6,'\0'),(427,167,1,''),(428,133,1,'\0'),(429,135,1,''),(430,140,1,''),(432,3,6,''),(433,4,6,''),(434,5,6,'\0'),(435,9,6,'\0'),(436,6,6,''),(437,7,6,''),(438,8,6,'\0'),(440,3,7,''),(441,264,7,''),(442,298,7,''),(443,65,6,''),(444,66,6,'\0'),(445,67,6,''),(446,68,6,''),(447,294,6,'\0'),(448,296,6,''),(449,415,6,''),(450,407,6,''),(451,365,6,''),(452,340,6,''),(453,338,6,''),(454,337,6,''),(455,370,6,''),(456,350,6,''),(457,351,6,''),(458,329,6,''),(459,43,6,''),(460,45,6,''),(461,117,6,''),(462,341,6,'');
/*!40000 ALTER TABLE `likedislikes` ENABLE KEYS */;
UNLOCK TABLES;

--
-- Table structure for table `meme`
--

DROP TABLE IF EXISTS `meme`;
/*!40101 SET @saved_cs_client     = @@character_set_client */;
/*!40101 SET character_set_client = utf8 */;
CREATE TABLE `meme` (
  `id` int(11) NOT NULL AUTO_INCREMENT,
  `id_subcategory` int(11) DEFAULT NULL,
  `headline` varchar(50) DEFAULT NULL,
  `file_path` varchar(50) DEFAULT NULL,
  `posted` datetime DEFAULT NULL,
  PRIMARY KEY (`id`),
  KEY `FK_SubCategory` (`id_subcategory`),
  CONSTRAINT `FK_SubCategory` FOREIGN KEY (`id_subcategory`) REFERENCES `subcategorie` (`id_Sub`) ON DELETE CASCADE
) ENGINE=InnoDB AUTO_INCREMENT=416 DEFAULT CHARSET=utf8mb4;
/*!40101 SET character_set_client = @saved_cs_client */;

--
-- Dumping data for table `meme`
--

LOCK TABLES `meme` WRITE;
/*!40000 ALTER TABLE `meme` DISABLE KEYS */;
INSERT INTO `meme` VALUES (2,2,'3mkrstfhm0f81.gif','../MemeData/r_memes/3mkrstfhm0f81.gif','2022-02-01 10:13:12'),(3,2,'3rlgwpzfh0f81.jpg','../MemeData/r_memes/3rlgwpzfh0f81.jpg','2022-02-01 10:13:12'),(4,2,'4d1pm2n0yze81.jpg','../MemeData/r_memes/4d1pm2n0yze81.jpg','2022-02-01 10:13:12'),(5,2,'4j2kcnfwuye81.gif','../MemeData/r_memes/4j2kcnfwuye81.gif','2022-02-01 10:13:12'),(6,2,'4wyp035loze81.gif','../MemeData/r_memes/4wyp035loze81.gif','2022-02-01 10:13:12'),(7,2,'5zebtfxnd1f81.jpg','../MemeData/r_memes/5zebtfxnd1f81.jpg','2022-02-01 10:13:12'),(8,2,'69bsuv7160f81.jpg','../MemeData/r_memes/69bsuv7160f81.jpg','2022-02-01 10:13:12'),(9,2,'6kz6f9ior0f81.gif','../MemeData/r_memes/6kz6f9ior0f81.gif','2022-02-01 10:13:12'),(10,2,'6rgckkuc5ze81.jpg','../MemeData/r_memes/6rgckkuc5ze81.jpg','2022-02-01 10:13:12'),(11,2,'7cvceik7e2f81.gif','../MemeData/r_memes/7cvceik7e2f81.gif','2022-02-01 10:13:12'),(12,2,'7jh6uxcoz0f81.gif','../MemeData/r_memes/7jh6uxcoz0f81.gif','2022-02-01 10:13:12'),(13,2,'7lzvyu8ef1f81.png','../MemeData/r_memes/7lzvyu8ef1f81.png','2022-02-01 10:13:12'),(14,2,'7vl4fk4z01f81.jpg','../MemeData/r_memes/7vl4fk4z01f81.jpg','2022-02-01 10:13:12'),(15,2,'81n8pjh5i0f81.jpg','../MemeData/r_memes/81n8pjh5i0f81.jpg','2022-02-01 10:13:12'),(16,2,'8bjfux9e51f81.jpg','../MemeData/r_memes/8bjfux9e51f81.jpg','2022-02-01 10:13:12'),(17,2,'8d1qryfwo0f81.jpg','../MemeData/r_memes/8d1qryfwo0f81.jpg','2022-02-01 10:13:12'),(18,2,'8qvkoiyoe0f81.jpg','../MemeData/r_memes/8qvkoiyoe0f81.jpg','2022-02-01 10:13:12'),(19,2,'8vcqf8fye2f81.jpg','../MemeData/r_memes/8vcqf8fye2f81.jpg','2022-02-01 10:13:12'),(20,2,'9hltlhvua1f81.jpg','../MemeData/r_memes/9hltlhvua1f81.jpg','2022-02-01 10:13:12'),(21,2,'9vl5q89h11f81.jpg','../MemeData/r_memes/9vl5q89h11f81.jpg','2022-02-01 10:13:12'),(22,2,'9zt5bznz20f81.gif','../MemeData/r_memes/9zt5bznz20f81.gif','2022-02-01 10:13:12'),(23,2,'ba6f88xpn2f81.jpg','../MemeData/r_memes/ba6f88xpn2f81.jpg','2022-02-01 10:13:12'),(24,2,'bzgbbtjgjze81.gif','../MemeData/r_memes/bzgbbtjgjze81.gif','2022-02-01 10:13:12'),(25,2,'c25ukz4bj0f81.jpg','../MemeData/r_memes/c25ukz4bj0f81.jpg','2022-02-01 10:13:12'),(26,2,'cjqhyjzhmye81.gif','../MemeData/r_memes/cjqhyjzhmye81.gif','2022-02-01 10:13:12'),(27,2,'cysmqf3op0f81.png','../MemeData/r_memes/cysmqf3op0f81.png','2022-02-01 10:13:12'),(28,2,'d0a5eg0ud0f81.gif','../MemeData/r_memes/d0a5eg0ud0f81.gif','2022-02-01 10:13:12'),(29,2,'dawm59zen1f81.jpg','../MemeData/r_memes/dawm59zen1f81.jpg','2022-02-01 10:13:12'),(30,2,'e5ienwsrj0f81.png','../MemeData/r_memes/e5ienwsrj0f81.png','2022-02-01 10:13:12'),(31,2,'eb80gy7o90f81.png','../MemeData/r_memes/eb80gy7o90f81.png','2022-02-01 10:13:12'),(32,2,'embvuf2j30f81.jpg','../MemeData/r_memes/embvuf2j30f81.jpg','2022-02-01 10:13:12'),(33,2,'f3d7le8of0f81.jpg','../MemeData/r_memes/f3d7le8of0f81.jpg','2022-02-01 10:13:12'),(34,2,'fog42m8fk2f81.jpg','../MemeData/r_memes/fog42m8fk2f81.jpg','2022-02-01 10:13:12'),(35,2,'gcjbbfkw90f81.jpg','../MemeData/r_memes/gcjbbfkw90f81.jpg','2022-02-01 10:13:12'),(36,2,'gjpgw0wl31f81.jpg','../MemeData/r_memes/gjpgw0wl31f81.jpg','2022-02-01 10:13:12'),(37,2,'hlxlm14i91f81.gif','../MemeData/r_memes/hlxlm14i91f81.gif','2022-02-01 10:13:12'),(38,2,'i74221kbi0f81.jpg','../MemeData/r_memes/i74221kbi0f81.jpg','2022-02-01 10:13:12'),(39,2,'iflcagz851f81.gif','../MemeData/r_memes/iflcagz851f81.gif','2022-02-01 10:13:12'),(40,2,'ikfbsiap12f81.gif','../MemeData/r_memes/ikfbsiap12f81.gif','2022-02-01 10:13:12'),(41,2,'iveytoe8w1f81.png','../MemeData/r_memes/iveytoe8w1f81.png','2022-02-01 10:13:12'),(42,2,'jf8oct4di0f81.gif','../MemeData/r_memes/jf8oct4di0f81.gif','2022-02-01 10:13:12'),(43,2,'jvbc993a31f81.gif','../MemeData/r_memes/jvbc993a31f81.gif','2022-02-01 10:13:12'),(44,2,'kfe55ul572f81.jpg','../MemeData/r_memes/kfe55ul572f81.jpg','2022-02-01 10:13:12'),(45,2,'lamba3awwze81.jpg','../MemeData/r_memes/lamba3awwze81.jpg','2022-02-01 10:13:12'),(46,2,'ldixo2dfp1f81.jpg','../MemeData/r_memes/ldixo2dfp1f81.jpg','2022-02-01 10:13:12'),(47,2,'lfg6z286a0f81.jpg','../MemeData/r_memes/lfg6z286a0f81.jpg','2022-02-01 10:13:12'),(48,2,'lrogqbwdp0f81.jpg','../MemeData/r_memes/lrogqbwdp0f81.jpg','2022-02-01 10:13:12'),(49,2,'mff8fvjvo2f81.gif','../MemeData/r_memes/mff8fvjvo2f81.gif','2022-02-01 10:13:12'),(50,2,'mnyeefxjuze81.gif','../MemeData/r_memes/mnyeefxjuze81.gif','2022-02-01 10:13:12'),(51,2,'nvm9fj2o92f81.jpg','../MemeData/r_memes/nvm9fj2o92f81.jpg','2022-02-01 10:13:12'),(52,2,'obb6vywba1f81.jpg','../MemeData/r_memes/obb6vywba1f81.jpg','2022-02-01 10:13:12'),(53,2,'oe2p3l5lsye81.gif','../MemeData/r_memes/oe2p3l5lsye81.gif','2022-02-01 10:13:12'),(54,2,'okt8zveg22f81.gif','../MemeData/r_memes/okt8zveg22f81.gif','2022-02-01 10:13:12'),(55,2,'oqrjhpnuvze81.jpg','../MemeData/r_memes/oqrjhpnuvze81.jpg','2022-02-01 10:13:12'),(56,2,'oqwlz79kw1f81.gif','../MemeData/r_memes/oqwlz79kw1f81.gif','2022-02-01 10:13:12'),(57,2,'p74s9b9hr0f81.jpg','../MemeData/r_memes/p74s9b9hr0f81.jpg','2022-02-01 10:13:12'),(58,2,'p88kq5hdm0f81.gif','../MemeData/r_memes/p88kq5hdm0f81.gif','2022-02-01 10:13:12'),(59,2,'qbh4iigzb0f81.jpg','../MemeData/r_memes/qbh4iigzb0f81.jpg','2022-02-01 10:13:12'),(60,2,'qghzqcfeq0f81.jpg','../MemeData/r_memes/qghzqcfeq0f81.jpg','2022-02-01 10:13:12'),(61,2,'qmypkdzz21f81.jpg','../MemeData/r_memes/qmypkdzz21f81.jpg','2022-02-01 10:13:12'),(62,2,'qtsafjla41f81.jpg','../MemeData/r_memes/qtsafjla41f81.jpg','2022-02-01 10:13:12'),(63,2,'rou1tjegy0f81.jpg','../MemeData/r_memes/rou1tjegy0f81.jpg','2022-02-01 10:13:12'),(64,2,'shclyvupt0f81.jpg','../MemeData/r_memes/shclyvupt0f81.jpg','2022-02-01 10:13:12'),(65,2,'t1sij0lbd0f81.gif','../MemeData/r_memes/t1sij0lbd0f81.gif','2022-02-01 10:13:12'),(66,2,'thpcxna9qze81.jpg','../MemeData/r_memes/thpcxna9qze81.jpg','2022-02-01 10:13:12'),(67,2,'tz1in05uw0f81.jpg','../MemeData/r_memes/tz1in05uw0f81.jpg','2022-02-01 10:13:12'),(68,2,'u3i2drsly0f81.gif','../MemeData/r_memes/u3i2drsly0f81.gif','2022-02-01 10:13:12'),(69,2,'u3kmqmh0a1f81.gif','../MemeData/r_memes/u3kmqmh0a1f81.gif','2022-02-01 10:13:12'),(70,2,'u6det73850f81.jpg','../MemeData/r_memes/u6det73850f81.jpg','2022-02-01 10:13:12'),(71,2,'u6uysnyud0f81.gif','../MemeData/r_memes/u6uysnyud0f81.gif','2022-02-01 10:13:12'),(72,2,'v3k8o7f2hze81.jpg','../MemeData/r_memes/v3k8o7f2hze81.jpg','2022-02-01 10:13:12'),(73,2,'vhd87gqaa0f81.jpg','../MemeData/r_memes/vhd87gqaa0f81.jpg','2022-02-01 10:13:12'),(74,2,'vkqguhmos1f81.gif','../MemeData/r_memes/vkqguhmos1f81.gif','2022-02-01 10:13:12'),(75,2,'w3ESLPK.png','../MemeData/r_memes/w3ESLPK.png','2022-02-01 10:13:12'),(76,2,'wa6f4yve0ze81.png','../MemeData/r_memes/wa6f4yve0ze81.png','2022-02-01 10:13:12'),(77,2,'wc6ohw1nl1f81.jpg','../MemeData/r_memes/wc6ohw1nl1f81.jpg','2022-02-01 10:13:12'),(78,2,'x7i0sxwmj1f81.jpg','../MemeData/r_memes/x7i0sxwmj1f81.jpg','2022-02-01 10:13:12'),(79,2,'xicor6vby0f81.jpg','../MemeData/r_memes/xicor6vby0f81.jpg','2022-02-01 10:13:12'),(80,2,'y7c765easze81.jpg','../MemeData/r_memes/y7c765easze81.jpg','2022-02-01 10:13:12'),(81,2,'yrxhi9aarze81.jpg','../MemeData/r_memes/yrxhi9aarze81.jpg','2022-02-01 10:13:12'),(82,2,'ywxkeh5kmze81.jpg','../MemeData/r_memes/ywxkeh5kmze81.jpg','2022-02-01 10:13:12'),(83,2,'z0a2b7gng1f81.jpg','../MemeData/r_memes/z0a2b7gng1f81.jpg','2022-02-01 10:13:12'),(84,2,'zy7t5lxux0f81.png','../MemeData/r_memes/zy7t5lxux0f81.png','2022-02-01 10:13:12'),(85,2,'04b6wpw3v1f81.png','../MemeData/r_memes/04b6wpw3v1f81.png','2022-02-01 10:22:39'),(86,2,'05mzgf663we81.jpg','../MemeData/r_memes/05mzgf663we81.jpg','2022-02-01 10:22:39'),(87,2,'0at2ut0ukxe81.jpg','../MemeData/r_memes/0at2ut0ukxe81.jpg','2022-02-01 10:22:39'),(88,2,'0vzdb5v9kne81.jpg','../MemeData/r_memes/0vzdb5v9kne81.jpg','2022-02-01 10:22:39'),(89,2,'1b3nqrd63vd81.jpg','../MemeData/r_memes/1b3nqrd63vd81.jpg','2022-02-01 10:22:39'),(90,2,'1m27mqhx5ee81.jpg','../MemeData/r_memes/1m27mqhx5ee81.jpg','2022-02-01 10:22:39'),(91,2,'1pbqtbt1hvd81.jpg','../MemeData/r_memes/1pbqtbt1hvd81.jpg','2022-02-01 10:22:39'),(92,2,'1q5vag29yye81.jpg','../MemeData/r_memes/1q5vag29yye81.jpg','2022-02-01 10:22:39'),(93,2,'2giu8tb3boe81.jpg','../MemeData/r_memes/2giu8tb3boe81.jpg','2022-02-01 10:22:39'),(94,2,'2klap5lthne81.jpg','../MemeData/r_memes/2klap5lthne81.jpg','2022-02-01 10:22:39'),(95,2,'2njm9uyb4ie81.jpg','../MemeData/r_memes/2njm9uyb4ie81.jpg','2022-02-01 10:22:39'),(96,2,'2r6rwlmzlee81.jpg','../MemeData/r_memes/2r6rwlmzlee81.jpg','2022-02-01 10:22:39'),(97,2,'2v5yzjd3fse81.jpg','../MemeData/r_memes/2v5yzjd3fse81.jpg','2022-02-01 10:22:39'),(98,2,'2woads6o6ud81.jpg','../MemeData/r_memes/2woads6o6ud81.jpg','2022-02-01 10:22:39'),(99,2,'35yid5pi6qe81.jpg','../MemeData/r_memes/35yid5pi6qe81.jpg','2022-02-01 10:22:39'),(100,2,'3s303b6gwxd81.jpg','../MemeData/r_memes/3s303b6gwxd81.jpg','2022-02-01 10:22:39'),(101,2,'48kq3e4s7be81.jpg','../MemeData/r_memes/48kq3e4s7be81.jpg','2022-02-01 10:22:39'),(102,2,'4hd7x9gfnze81.jpg','../MemeData/r_memes/4hd7x9gfnze81.jpg','2022-02-01 10:22:39'),(103,2,'4p89ugxgt9e81.jpg','../MemeData/r_memes/4p89ugxgt9e81.jpg','2022-02-01 10:22:39'),(104,2,'4y15fwnhu0e81.jpg','../MemeData/r_memes/4y15fwnhu0e81.jpg','2022-02-01 10:22:39'),(105,2,'599mukds6ud81.jpg','../MemeData/r_memes/599mukds6ud81.jpg','2022-02-01 10:22:39'),(106,2,'5nxuuxl6gie81.jpg','../MemeData/r_memes/5nxuuxl6gie81.jpg','2022-02-01 10:22:39'),(107,2,'5wts0725byd81.jpg','../MemeData/r_memes/5wts0725byd81.jpg','2022-02-01 10:22:39'),(108,2,'69w29f2yk2f81.jpg','../MemeData/r_memes/69w29f2yk2f81.jpg','2022-02-01 10:22:39'),(109,2,'7ntvwi5egwe81.jpg','../MemeData/r_memes/7ntvwi5egwe81.jpg','2022-02-01 10:22:39'),(110,2,'7wemt75f6ud81.jpg','../MemeData/r_memes/7wemt75f6ud81.jpg','2022-02-01 10:22:39'),(111,2,'8j2y9vg7ide81.png','../MemeData/r_memes/8j2y9vg7ide81.png','2022-02-01 10:22:39'),(112,2,'8jwt4x2gozd81.png','../MemeData/r_memes/8jwt4x2gozd81.png','2022-02-01 10:22:39'),(113,2,'92qbvk2axfe81.jpg','../MemeData/r_memes/92qbvk2axfe81.jpg','2022-02-01 10:22:39'),(114,2,'9i8um6e51zd81.jpg','../MemeData/r_memes/9i8um6e51zd81.jpg','2022-02-01 10:22:39'),(115,2,'a6f6qdvu6ie81.jpg','../MemeData/r_memes/a6f6qdvu6ie81.jpg','2022-02-01 10:22:39'),(116,2,'abotft2mpnd81.png','../MemeData/r_memes/abotft2mpnd81.png','2022-02-01 10:22:39'),(117,2,'az6q2xlruke81.png','../MemeData/r_memes/az6q2xlruke81.png','2022-02-01 10:22:39'),(118,2,'bywvfu8sx4e81.jpg','../MemeData/r_memes/bywvfu8sx4e81.jpg','2022-02-01 10:22:39'),(119,2,'cl59f7v9y0f81.jpg','../MemeData/r_memes/cl59f7v9y0f81.jpg','2022-02-01 10:22:39'),(120,2,'dvkqqaa6b1e81.png','../MemeData/r_memes/dvkqqaa6b1e81.png','2022-02-01 10:22:39'),(121,2,'dw8367b4u5e81.jpg','../MemeData/r_memes/dw8367b4u5e81.jpg','2022-02-01 10:22:39'),(122,2,'e5i2mf5cu9e81.jpg','../MemeData/r_memes/e5i2mf5cu9e81.jpg','2022-02-01 10:22:39'),(123,2,'eu8h8m28iyd81.jpg','../MemeData/r_memes/eu8h8m28iyd81.jpg','2022-02-01 10:22:39'),(124,2,'f889wkdu7we81.jpg','../MemeData/r_memes/f889wkdu7we81.jpg','2022-02-01 10:22:39'),(125,2,'fdvib20cksd81.jpg','../MemeData/r_memes/fdvib20cksd81.jpg','2022-02-01 10:22:39'),(126,2,'fl1o9dof1pe81.png','../MemeData/r_memes/fl1o9dof1pe81.png','2022-02-01 10:22:39'),(127,2,'fuweakl86ge81.jpg','../MemeData/r_memes/fuweakl86ge81.jpg','2022-02-01 10:22:39'),(128,2,'g1gk80axv0f81.jpg','../MemeData/r_memes/g1gk80axv0f81.jpg','2022-02-01 10:22:39'),(129,2,'gp3bibbsuxe81.jpg','../MemeData/r_memes/gp3bibbsuxe81.jpg','2022-02-01 10:22:39'),(130,2,'h8m1o9n7yde81.jpg','../MemeData/r_memes/h8m1o9n7yde81.jpg','2022-02-01 10:22:39'),(131,2,'hsneeak55ud81.jpg','../MemeData/r_memes/hsneeak55ud81.jpg','2022-02-01 10:22:39'),(132,2,'iaaaxehmwie81.jpg','../MemeData/r_memes/iaaaxehmwie81.jpg','2022-02-01 10:22:39'),(133,2,'j8a1twrow2f81.png','../MemeData/r_memes/j8a1twrow2f81.png','2022-02-01 10:22:39'),(134,2,'jpbdxjbri6e81.png','../MemeData/r_memes/jpbdxjbri6e81.png','2022-02-01 10:22:39'),(135,2,'jpv8uukjofe81.jpg','../MemeData/r_memes/jpv8uukjofe81.jpg','2022-02-01 10:22:39'),(136,2,'k1kr86u9o1f81.jpg','../MemeData/r_memes/k1kr86u9o1f81.jpg','2022-02-01 10:22:39'),(137,2,'k9DGpkm.jpg','../MemeData/r_memes/k9DGpkm.jpg','2022-02-01 10:22:39'),(138,2,'kfl0jfbbe9e81.jpg','../MemeData/r_memes/kfl0jfbbe9e81.jpg','2022-02-01 10:22:39'),(139,2,'kjpoudducxd81.png','../MemeData/r_memes/kjpoudducxd81.png','2022-02-01 10:22:39'),(140,2,'komsm2w0gle81.jpg','../MemeData/r_memes/komsm2w0gle81.jpg','2022-02-01 10:22:39'),(141,2,'l83imnykv0e81.jpg','../MemeData/r_memes/l83imnykv0e81.jpg','2022-02-01 10:22:39'),(142,2,'lbrprpstvtd81.jpg','../MemeData/r_memes/lbrprpstvtd81.jpg','2022-02-01 10:22:39'),(143,2,'m6nqgw4fgee81.jpg','../MemeData/r_memes/m6nqgw4fgee81.jpg','2022-02-01 10:22:39'),(144,2,'mkz9gdrekoe81.jpg','../MemeData/r_memes/mkz9gdrekoe81.jpg','2022-02-01 10:22:39'),(145,2,'n5uz2zt2l2e81.jpg','../MemeData/r_memes/n5uz2zt2l2e81.jpg','2022-02-01 10:22:39'),(146,2,'nb3vqh30cde81.png','../MemeData/r_memes/nb3vqh30cde81.png','2022-02-01 10:22:39'),(147,2,'nf5cqj3jxne81.jpg','../MemeData/r_memes/nf5cqj3jxne81.jpg','2022-02-01 10:22:39'),(148,2,'nflrz7i08vd81.jpg','../MemeData/r_memes/nflrz7i08vd81.jpg','2022-02-01 10:22:39'),(149,2,'njrz9ix40le81.jpg','../MemeData/r_memes/njrz9ix40le81.jpg','2022-02-01 10:22:39'),(150,2,'pnHjdfE.png','../MemeData/r_memes/pnHjdfE.png','2022-02-01 10:22:39'),(151,2,'q0rwbdn60le81.jpg','../MemeData/r_memes/q0rwbdn60le81.jpg','2022-02-01 10:22:39'),(152,2,'repr0lzhc1e81.png','../MemeData/r_memes/repr0lzhc1e81.png','2022-02-01 10:22:39'),(153,2,'rossryxv6pe81.jpg','../MemeData/r_memes/rossryxv6pe81.jpg','2022-02-01 10:22:39'),(154,2,'ryo8weqwave81.jpg','../MemeData/r_memes/ryo8weqwave81.jpg','2022-02-01 10:22:39'),(155,2,'s59sptemj4e81.jpg','../MemeData/r_memes/s59sptemj4e81.jpg','2022-02-01 10:22:39'),(156,2,'s7jnp3kb5ie81.jpg','../MemeData/r_memes/s7jnp3kb5ie81.jpg','2022-02-01 10:22:39'),(157,2,'ssbdy3xtk2f81.jpg','../MemeData/r_memes/ssbdy3xtk2f81.jpg','2022-02-01 10:22:39'),(158,2,'t4i5edhxpyd81.jpg','../MemeData/r_memes/t4i5edhxpyd81.jpg','2022-02-01 10:22:39'),(159,2,'unyj93iip0f81.jpg','../MemeData/r_memes/unyj93iip0f81.jpg','2022-02-01 10:22:39'),(160,2,'uycu8e6tg8e81.jpg','../MemeData/r_memes/uycu8e6tg8e81.jpg','2022-02-01 10:22:39'),(161,2,'v052fl95u5e81.jpg','../MemeData/r_memes/v052fl95u5e81.jpg','2022-02-01 10:22:39'),(162,2,'v0b6d5hfs9e81.jpg','../MemeData/r_memes/v0b6d5hfs9e81.jpg','2022-02-01 10:22:39'),(163,2,'veeqv51020f81.jpg','../MemeData/r_memes/veeqv51020f81.jpg','2022-02-01 10:22:39'),(164,2,'vtmhstpus1f81.jpg','../MemeData/r_memes/vtmhstpus1f81.jpg','2022-02-01 10:22:39'),(165,2,'w7xv16dqiue81.png','../MemeData/r_memes/w7xv16dqiue81.png','2022-02-01 10:22:39'),(166,2,'waae8vmv10f81.jpg','../MemeData/r_memes/waae8vmv10f81.jpg','2022-02-01 10:22:39'),(167,2,'wdqc91lnbte81.jpg','../MemeData/r_memes/wdqc91lnbte81.jpg','2022-02-01 10:22:39'),(168,2,'wjwbsb4daue81.jpg','../MemeData/r_memes/wjwbsb4daue81.jpg','2022-02-01 10:22:39'),(169,2,'xg0mq6kvlzd81.jpg','../MemeData/r_memes/xg0mq6kvlzd81.jpg','2022-02-01 10:22:39'),(170,2,'xzka0rwypoe81.jpg','../MemeData/r_memes/xzka0rwypoe81.jpg','2022-02-01 10:22:39'),(171,2,'y73d57i74ke81.jpg','../MemeData/r_memes/y73d57i74ke81.jpg','2022-02-01 10:22:39'),(172,2,'y7bjuef5v8e81.jpg','../MemeData/r_memes/y7bjuef5v8e81.jpg','2022-02-01 10:22:39'),(173,2,'yckb7jjqvqe81.jpg','../MemeData/r_memes/yckb7jjqvqe81.jpg','2022-02-01 10:22:39'),(174,2,'ydxmpyxdnbe81.jpg','../MemeData/r_memes/ydxmpyxdnbe81.jpg','2022-02-01 10:22:39'),(175,2,'ygf82eku7ue81.jpg','../MemeData/r_memes/ygf82eku7ue81.jpg','2022-02-01 10:22:39'),(176,2,'zcjj2s9flzd81.jpg','../MemeData/r_memes/zcjj2s9flzd81.jpg','2022-02-01 10:22:39'),(177,2,'zwyv4mztdfe81.jpg','../MemeData/r_memes/zwyv4mztdfe81.jpg','2022-02-01 10:22:39'),(178,4,'1ei34zodwkd81.png','../MemeData/r_Catmemes/1ei34zodwkd81.png','2022-02-01 10:29:17'),(179,4,'23lrqqihhyc81.jpg','../MemeData/r_Catmemes/23lrqqihhyc81.jpg','2022-02-01 10:29:17'),(180,4,'31g7a7amqoe81.jpg','../MemeData/r_Catmemes/31g7a7amqoe81.jpg','2022-02-01 10:29:17'),(181,4,'37n2wjxgsse81.jpg','../MemeData/r_Catmemes/37n2wjxgsse81.jpg','2022-02-01 10:29:17'),(182,4,'3f863vk49cd81.gif','../MemeData/r_Catmemes/3f863vk49cd81.gif','2022-02-01 10:29:17'),(183,4,'5clm4zllz0e81.jpg','../MemeData/r_Catmemes/5clm4zllz0e81.jpg','2022-02-01 10:29:17'),(184,4,'5tnyaoiz1yc81.jpg','../MemeData/r_Catmemes/5tnyaoiz1yc81.jpg','2022-02-01 10:29:17'),(185,4,'6181867_600.jpg','../MemeData/r_Catmemes/6181867_600.jpg','2022-02-01 10:29:17'),(186,4,'61yn0hd7q2c81.jpg','../MemeData/r_Catmemes/61yn0hd7q2c81.jpg','2022-02-01 10:29:17'),(187,4,'6q90s8odqrd81.jpg','../MemeData/r_Catmemes/6q90s8odqrd81.jpg','2022-02-01 10:29:17'),(188,4,'6upfwxic1re81.jpg','../MemeData/r_Catmemes/6upfwxic1re81.jpg','2022-02-01 10:29:17'),(189,4,'6vsctrk77te81.jpg','../MemeData/r_Catmemes/6vsctrk77te81.jpg','2022-02-01 10:29:17'),(190,4,'707klq38eyb81.jpg','../MemeData/r_Catmemes/707klq38eyb81.jpg','2022-02-01 10:29:17'),(191,4,'7dve6c1q0ie81.jpg','../MemeData/r_Catmemes/7dve6c1q0ie81.jpg','2022-02-01 10:29:17'),(192,4,'7s9pbl8tqgd81.jpg','../MemeData/r_Catmemes/7s9pbl8tqgd81.jpg','2022-02-01 10:29:17'),(193,4,'8adaf9626rb81.jpg','../MemeData/r_Catmemes/8adaf9626rb81.jpg','2022-02-01 10:29:17'),(194,4,'8plsej6vvxb81.jpg','../MemeData/r_Catmemes/8plsej6vvxb81.jpg','2022-02-01 10:29:17'),(195,4,'935pwprw2ve81.jpg','../MemeData/r_Catmemes/935pwprw2ve81.jpg','2022-02-01 10:29:17'),(196,4,'a9sjj09oo5f81.jpg','../MemeData/r_Catmemes/a9sjj09oo5f81.jpg','2022-02-01 10:29:17'),(197,4,'aesh635ahsb81.jpg','../MemeData/r_Catmemes/aesh635ahsb81.jpg','2022-02-01 10:29:17'),(198,4,'ayrqh6j6kke81.jpg','../MemeData/r_Catmemes/ayrqh6j6kke81.jpg','2022-02-01 10:29:17'),(199,4,'b2bengdlh4f81.jpg','../MemeData/r_Catmemes/b2bengdlh4f81.jpg','2022-02-01 10:29:17'),(200,4,'BSCtfga.jpeg','../MemeData/r_Catmemes/BSCtfga.jpeg','2022-02-01 10:29:17'),(201,4,'BY7gHEw.jpeg','../MemeData/r_Catmemes/BY7gHEw.jpeg','2022-02-01 10:29:17'),(202,4,'c6gtq09n5cd81.jpg','../MemeData/r_Catmemes/c6gtq09n5cd81.jpg','2022-02-01 10:29:17'),(203,4,'cmju9mj89xd81.jpg','../MemeData/r_Catmemes/cmju9mj89xd81.jpg','2022-02-01 10:29:17'),(204,4,'ds8fchcrxye81.jpg','../MemeData/r_Catmemes/ds8fchcrxye81.jpg','2022-02-01 10:29:17'),(205,4,'dtdt78pvt6d81.jpg','../MemeData/r_Catmemes/dtdt78pvt6d81.jpg','2022-02-01 10:29:17'),(206,4,'ejddsb6emfd81.jpg','../MemeData/r_Catmemes/ejddsb6emfd81.jpg','2022-02-01 10:29:17'),(207,4,'ephhysyvejc81.jpg','../MemeData/r_Catmemes/ephhysyvejc81.jpg','2022-02-01 10:29:17'),(208,4,'eqsb98fg6zd81.jpg','../MemeData/r_Catmemes/eqsb98fg6zd81.jpg','2022-02-01 10:29:17'),(209,4,'eRmqNjC.jpeg','../MemeData/r_Catmemes/eRmqNjC.jpeg','2022-02-01 10:29:17'),(210,4,'eysr7u0j94d81.jpg','../MemeData/r_Catmemes/eysr7u0j94d81.jpg','2022-02-01 10:29:17'),(211,4,'frbjm9306jd81.jpg','../MemeData/r_Catmemes/frbjm9306jd81.jpg','2022-02-01 10:29:17'),(212,4,'g40rugl5m3c81.jpg','../MemeData/r_Catmemes/g40rugl5m3c81.jpg','2022-02-01 10:29:17'),(213,4,'ghcn5olr7ke81.jpg','../MemeData/r_Catmemes/ghcn5olr7ke81.jpg','2022-02-01 10:29:17'),(214,4,'GHLETfY.jpeg','../MemeData/r_Catmemes/GHLETfY.jpeg','2022-02-01 10:29:17'),(215,4,'gjg82wh9ire81.jpg','../MemeData/r_Catmemes/gjg82wh9ire81.jpg','2022-02-01 10:29:17'),(216,4,'GRK1qEf.jpeg','../MemeData/r_Catmemes/GRK1qEf.jpeg','2022-02-01 10:29:17'),(217,4,'h36nc7cmrqb81.png','../MemeData/r_Catmemes/h36nc7cmrqb81.png','2022-02-01 10:29:17'),(218,4,'head8q23med81.jpg','../MemeData/r_Catmemes/head8q23med81.jpg','2022-02-01 10:29:17'),(219,4,'il5q9t774fe81.jpg','../MemeData/r_Catmemes/il5q9t774fe81.jpg','2022-02-01 10:29:17'),(220,4,'j7cxtyand4d81.jpg','../MemeData/r_Catmemes/j7cxtyand4d81.jpg','2022-02-01 10:29:17'),(221,4,'k61u8n6ervc81.jpg','../MemeData/r_Catmemes/k61u8n6ervc81.jpg','2022-02-01 10:29:17'),(222,4,'kam9azj1ive81.jpg','../MemeData/r_Catmemes/kam9azj1ive81.jpg','2022-02-01 10:29:17'),(223,4,'kmrssj7qwgd81.jpg','../MemeData/r_Catmemes/kmrssj7qwgd81.jpg','2022-02-01 10:29:17'),(224,4,'ky6fgwse79e81.jpg','../MemeData/r_Catmemes/ky6fgwse79e81.jpg','2022-02-01 10:29:17'),(225,4,'l2ahghtbbve81.jpg','../MemeData/r_Catmemes/l2ahghtbbve81.jpg','2022-02-01 10:29:17'),(226,4,'lamxmsqm34e81.jpg','../MemeData/r_Catmemes/lamxmsqm34e81.jpg','2022-02-01 10:29:17'),(227,4,'lf20l82supe81.jpg','../MemeData/r_Catmemes/lf20l82supe81.jpg','2022-02-01 10:29:17'),(228,4,'lqvtzp3a92c81.gif','../MemeData/r_Catmemes/lqvtzp3a92c81.gif','2022-02-01 10:29:17'),(229,4,'lys1be7bozd81.jpg','../MemeData/r_Catmemes/lys1be7bozd81.jpg','2022-02-01 10:29:17'),(230,4,'m92urlifuje81.jpg','../MemeData/r_Catmemes/m92urlifuje81.jpg','2022-02-01 10:29:17'),(231,4,'n7rvvfa5zud81.jpg','../MemeData/r_Catmemes/n7rvvfa5zud81.jpg','2022-02-01 10:29:17'),(232,4,'ne83sddgpxc81.jpg','../MemeData/r_Catmemes/ne83sddgpxc81.jpg','2022-02-01 10:29:17'),(233,4,'nmjl4bs9r7c81.jpg','../MemeData/r_Catmemes/nmjl4bs9r7c81.jpg','2022-02-01 10:29:17'),(234,4,'nnuditem42e81.jpg','../MemeData/r_Catmemes/nnuditem42e81.jpg','2022-02-01 10:29:17'),(235,4,'NOj1qPd.png','../MemeData/r_Catmemes/NOj1qPd.png','2022-02-01 10:29:17'),(236,4,'nt8qev3ekdc81.png','../MemeData/r_Catmemes/nt8qev3ekdc81.png','2022-02-01 10:29:17'),(237,4,'nxcslwbbdid81.jpg','../MemeData/r_Catmemes/nxcslwbbdid81.jpg','2022-02-01 10:29:17'),(238,4,'o15l1ufnrwb81.jpg','../MemeData/r_Catmemes/o15l1ufnrwb81.jpg','2022-02-01 10:29:17'),(239,4,'Of9NTjo.jpeg','../MemeData/r_Catmemes/Of9NTjo.jpeg','2022-02-01 10:29:17'),(240,4,'oqb3kve2thc81.jpg','../MemeData/r_Catmemes/oqb3kve2thc81.jpg','2022-02-01 10:29:17'),(241,4,'ox31ullzvyc81.jpg','../MemeData/r_Catmemes/ox31ullzvyc81.jpg','2022-02-01 10:29:17'),(242,4,'ozuuia0hm4e81.jpg','../MemeData/r_Catmemes/ozuuia0hm4e81.jpg','2022-02-01 10:29:17'),(243,4,'plpd905tlbd81.jpg','../MemeData/r_Catmemes/plpd905tlbd81.jpg','2022-02-01 10:29:17'),(244,4,'pmo4du2jm2f81.jpg','../MemeData/r_Catmemes/pmo4du2jm2f81.jpg','2022-02-01 10:29:17'),(245,4,'pocridmubvc81.gif','../MemeData/r_Catmemes/pocridmubvc81.gif','2022-02-01 10:29:17'),(246,4,'pom7rasyw1c81.jpg','../MemeData/r_Catmemes/pom7rasyw1c81.jpg','2022-02-01 10:29:17'),(247,4,'qh9xg3mlqbe81.jpg','../MemeData/r_Catmemes/qh9xg3mlqbe81.jpg','2022-02-01 10:29:17'),(248,4,'rnk10e1hbpd81.jpg','../MemeData/r_Catmemes/rnk10e1hbpd81.jpg','2022-02-01 10:29:17'),(249,4,'rofilxo5tlc81.jpg','../MemeData/r_Catmemes/rofilxo5tlc81.jpg','2022-02-01 10:29:17'),(250,4,'tmhutpjhzdc81.jpg','../MemeData/r_Catmemes/tmhutpjhzdc81.jpg','2022-02-01 10:29:17'),(251,4,'vvtlbrulwic81.jpg','../MemeData/r_Catmemes/vvtlbrulwic81.jpg','2022-02-01 10:29:17'),(252,4,'wciu49u0pvc81.jpg','../MemeData/r_Catmemes/wciu49u0pvc81.jpg','2022-02-01 10:29:17'),(253,4,'wegausi2m6c81.jpg','../MemeData/r_Catmemes/wegausi2m6c81.jpg','2022-02-01 10:29:17'),(254,4,'x3osqt266sc81.jpg','../MemeData/r_Catmemes/x3osqt266sc81.jpg','2022-02-01 10:29:17'),(255,4,'xdsheafqn4d81.png','../MemeData/r_Catmemes/xdsheafqn4d81.png','2022-02-01 10:29:17'),(256,4,'xifys6j8gzc81.jpg','../MemeData/r_Catmemes/xifys6j8gzc81.jpg','2022-02-01 10:29:17'),(257,4,'xt94mz1mkde81.jpg','../MemeData/r_Catmemes/xt94mz1mkde81.jpg','2022-02-01 10:29:17'),(258,4,'y6afg3ocf5f81.jpg','../MemeData/r_Catmemes/y6afg3ocf5f81.jpg','2022-02-01 10:29:17'),(259,4,'yawvs4lm19e81.jpg','../MemeData/r_Catmemes/yawvs4lm19e81.jpg','2022-02-01 10:29:17'),(260,4,'yjo45ocrf0f81.jpg','../MemeData/r_Catmemes/yjo45ocrf0f81.jpg','2022-02-01 10:29:17'),(261,4,'yuklw6xrkcc81.png','../MemeData/r_Catmemes/yuklw6xrkcc81.png','2022-02-01 10:29:17'),(262,4,'Z7QoEqm.jpeg','../MemeData/r_Catmemes/Z7QoEqm.jpeg','2022-02-01 10:29:17'),(263,4,'zyi1ht3ukje81.jpg','../MemeData/r_Catmemes/zyi1ht3ukje81.jpg','2022-02-01 10:29:17'),(264,3,'09n3e5yltj881.jpg','../MemeData/r_memesofthedank/09n3e5yltj881.jpg','2022-02-01 10:32:50'),(265,3,'0izwip8ki0481.jpg','../MemeData/r_memesofthedank/0izwip8ki0481.jpg','2022-02-01 10:32:50'),(266,3,'0pl95zq8ke381.png','../MemeData/r_memesofthedank/0pl95zq8ke381.png','2022-02-01 10:32:50'),(267,3,'1pxdz7wjop281.jpg','../MemeData/r_memesofthedank/1pxdz7wjop281.jpg','2022-02-01 10:32:50'),(268,3,'3rzkldkhmqb81.jpg','../MemeData/r_memesofthedank/3rzkldkhmqb81.jpg','2022-02-01 10:32:50'),(269,3,'4ajuxpa0c5281.jpg','../MemeData/r_memesofthedank/4ajuxpa0c5281.jpg','2022-02-01 10:32:50'),(270,3,'5kujicmilu381.jpg','../MemeData/r_memesofthedank/5kujicmilu381.jpg','2022-02-01 10:32:50'),(271,3,'5vnlvjyd3c281.jpg','../MemeData/r_memesofthedank/5vnlvjyd3c281.jpg','2022-02-01 10:32:50'),(272,3,'61z1vt4eox681.png','../MemeData/r_memesofthedank/61z1vt4eox681.png','2022-02-01 10:32:50'),(273,3,'64v01rwx9p481.jpg','../MemeData/r_memesofthedank/64v01rwx9p481.jpg','2022-02-01 10:32:50'),(274,3,'73qmerizk3481.jpg','../MemeData/r_memesofthedank/73qmerizk3481.jpg','2022-02-01 10:32:50'),(275,3,'93p8ylzkgw481.jpg','../MemeData/r_memesofthedank/93p8ylzkgw481.jpg','2022-02-01 10:32:50'),(276,3,'946fewqtno381.jpg','../MemeData/r_memesofthedank/946fewqtno381.jpg','2022-02-01 10:32:50'),(277,3,'9nqsiha3o1281.jpg','../MemeData/r_memesofthedank/9nqsiha3o1281.jpg','2022-02-01 10:32:50'),(278,3,'9sy31dkbli581.jpg','../MemeData/r_memesofthedank/9sy31dkbli581.jpg','2022-02-01 10:32:50'),(279,3,'a7dml5femta81.jpg','../MemeData/r_memesofthedank/a7dml5femta81.jpg','2022-02-01 10:32:50'),(280,3,'af8z6sb5qg281.jpg','../MemeData/r_memesofthedank/af8z6sb5qg281.jpg','2022-02-01 10:32:50'),(281,3,'aqwtum2gk7981.png','../MemeData/r_memesofthedank/aqwtum2gk7981.png','2022-02-01 10:32:50'),(282,3,'bdd8saaqku481.jpg','../MemeData/r_memesofthedank/bdd8saaqku481.jpg','2022-02-01 10:32:50'),(283,3,'bg5wlbkifz181.png','../MemeData/r_memesofthedank/bg5wlbkifz181.png','2022-02-01 10:32:50'),(284,3,'blztwgw8pw281.gif','../MemeData/r_memesofthedank/blztwgw8pw281.gif','2022-02-01 10:32:50'),(285,3,'cbenp5hnkd281.jpg','../MemeData/r_memesofthedank/cbenp5hnkd281.jpg','2022-02-01 10:32:50'),(286,3,'cxz0tcvtke381.png','../MemeData/r_memesofthedank/cxz0tcvtke381.png','2022-02-01 10:32:50'),(287,3,'d8jt9lbs4n281.jpg','../MemeData/r_memesofthedank/d8jt9lbs4n281.jpg','2022-02-01 10:32:50'),(288,3,'d8qcnldq46281.jpg','../MemeData/r_memesofthedank/d8qcnldq46281.jpg','2022-02-01 10:32:50'),(289,3,'dg0d4nuazg381.jpg','../MemeData/r_memesofthedank/dg0d4nuazg381.jpg','2022-02-01 10:32:50'),(290,3,'dhx5e7d2le681.png','../MemeData/r_memesofthedank/dhx5e7d2le681.png','2022-02-01 10:32:50'),(291,3,'dxsjizjhwj581.jpg','../MemeData/r_memesofthedank/dxsjizjhwj581.jpg','2022-02-01 10:32:50'),(292,3,'gxhxmpm2op281.jpg','../MemeData/r_memesofthedank/gxhxmpm2op281.jpg','2022-02-01 10:32:50'),(293,3,'hj6f22ivti281.jpg','../MemeData/r_memesofthedank/hj6f22ivti281.jpg','2022-02-01 10:32:50'),(294,3,'i130yd675y181.jpg','../MemeData/r_memesofthedank/i130yd675y181.jpg','2022-02-01 10:32:50'),(295,3,'jpc0s6ujr4381.jpg','../MemeData/r_memesofthedank/jpc0s6ujr4381.jpg','2022-02-01 10:32:50'),(296,3,'JyVpy38.jpg','../MemeData/r_memesofthedank/JyVpy38.jpg','2022-02-01 10:32:50'),(297,3,'k8o668agpq581.jpg','../MemeData/r_memesofthedank/k8o668agpq581.jpg','2022-02-01 10:32:50'),(298,3,'m9dnczkjwa281.jpg','../MemeData/r_memesofthedank/m9dnczkjwa281.jpg','2022-02-01 10:32:50'),(299,3,'munydxrm30681.gif','../MemeData/r_memesofthedank/munydxrm30681.gif','2022-02-01 10:32:50'),(300,3,'nw9mcp0akea81.png','../MemeData/r_memesofthedank/nw9mcp0akea81.png','2022-02-01 10:32:50'),(301,3,'nxourohw87a81.jpg','../MemeData/r_memesofthedank/nxourohw87a81.jpg','2022-02-01 10:32:50'),(302,3,'o0w80ol952281.jpg','../MemeData/r_memesofthedank/o0w80ol952281.jpg','2022-02-01 10:32:50'),(303,3,'oo5x7bu471281.png','../MemeData/r_memesofthedank/oo5x7bu471281.png','2022-02-01 10:32:50'),(304,3,'q0n08fq0r6781.png','../MemeData/r_memesofthedank/q0n08fq0r6781.png','2022-02-01 10:32:50'),(305,3,'qptbdry2l0681.jpg','../MemeData/r_memesofthedank/qptbdry2l0681.jpg','2022-02-01 10:32:50'),(306,3,'r2cz7zjd0g581.jpg','../MemeData/r_memesofthedank/r2cz7zjd0g581.jpg','2022-02-01 10:32:50'),(307,3,'r81jkivv6p481.jpg','../MemeData/r_memesofthedank/r81jkivv6p481.jpg','2022-02-01 10:32:50'),(308,3,'s9atmnoezab81.jpg','../MemeData/r_memesofthedank/s9atmnoezab81.jpg','2022-02-01 10:32:50'),(309,3,'sdd3x3cdav181.jpg','../MemeData/r_memesofthedank/sdd3x3cdav181.jpg','2022-02-01 10:32:50'),(310,3,'t7owvabz5fc51.gif','../MemeData/r_memesofthedank/t7owvabz5fc51.gif','2022-02-01 10:32:50'),(311,3,'tdegvsa092381.jpg','../MemeData/r_memesofthedank/tdegvsa092381.jpg','2022-02-01 10:32:50'),(312,3,'tqheavsnbe381.jpg','../MemeData/r_memesofthedank/tqheavsnbe381.jpg','2022-02-01 10:32:50'),(313,3,'uo1z6j2arb281.jpg','../MemeData/r_memesofthedank/uo1z6j2arb281.jpg','2022-02-01 10:32:50'),(314,3,'v53jbl555h781.jpg','../MemeData/r_memesofthedank/v53jbl555h781.jpg','2022-02-01 10:32:50'),(315,3,'v88zgvqmrm281.jpg','../MemeData/r_memesofthedank/v88zgvqmrm281.jpg','2022-02-01 10:32:50'),(316,3,'w325m36x9w581.jpg','../MemeData/r_memesofthedank/w325m36x9w581.jpg','2022-02-01 10:32:50'),(317,3,'xy995u3ws5781.png','../MemeData/r_memesofthedank/xy995u3ws5781.png','2022-02-01 10:32:50'),(318,3,'y0h4kf4288281.jpg','../MemeData/r_memesofthedank/y0h4kf4288281.jpg','2022-02-01 10:32:50'),(319,3,'y82x6pvkfs281.jpg','../MemeData/r_memesofthedank/y82x6pvkfs281.jpg','2022-02-01 10:32:50'),(320,3,'yegcmf16abb81.jpg','../MemeData/r_memesofthedank/yegcmf16abb81.jpg','2022-02-01 10:32:50'),(321,3,'yftbbc5168481.jpg','../MemeData/r_memesofthedank/yftbbc5168481.jpg','2022-02-01 10:32:50'),(322,3,'yju8ugx43c981.jpg','../MemeData/r_memesofthedank/yju8ugx43c981.jpg','2022-02-01 10:32:50'),(323,3,'ylope89s3ce81.jpg','../MemeData/r_memesofthedank/ylope89s3ce81.jpg','2022-02-01 10:32:50'),(324,3,'ywphdnbs78281.jpg','../MemeData/r_memesofthedank/ywphdnbs78281.jpg','2022-02-01 10:32:50'),(325,3,'zmin3z3wf2b81.jpg','../MemeData/r_memesofthedank/zmin3z3wf2b81.jpg','2022-02-01 10:32:50'),(326,3,'zvlqtafmis381.png','../MemeData/r_memesofthedank/zvlqtafmis381.png','2022-02-01 10:32:50'),(327,1,'047nkk9cp2f81.png','../MemeData/r_ProgrammerHumor/047nkk9cp2f81.png','2022-02-01 10:35:19'),(328,1,'04oc1sy7ase81.png','../MemeData/r_ProgrammerHumor/04oc1sy7ase81.png','2022-02-01 10:35:19'),(329,1,'0hgqgtw0wwe81.png','../MemeData/r_ProgrammerHumor/0hgqgtw0wwe81.png','2022-02-01 10:35:19'),(330,1,'1lrkrsvamte81.jpg','../MemeData/r_ProgrammerHumor/1lrkrsvamte81.jpg','2022-02-01 10:35:19'),(331,1,'1rohvl3ahye81.png','../MemeData/r_ProgrammerHumor/1rohvl3ahye81.png','2022-02-01 10:35:19'),(332,1,'1vuzanav11f81.png','../MemeData/r_ProgrammerHumor/1vuzanav11f81.png','2022-02-01 10:35:19'),(333,1,'2txgl7kp5ue81.jpg','../MemeData/r_ProgrammerHumor/2txgl7kp5ue81.jpg','2022-02-01 10:35:19'),(334,1,'31dp7llosxe81.jpg','../MemeData/r_ProgrammerHumor/31dp7llosxe81.jpg','2022-02-01 10:35:19'),(335,1,'346wfuiks1f81.jpg','../MemeData/r_ProgrammerHumor/346wfuiks1f81.jpg','2022-02-01 10:35:19'),(336,1,'3e5ustni72f81.jpg','../MemeData/r_ProgrammerHumor/3e5ustni72f81.jpg','2022-02-01 10:35:19'),(337,1,'3g847yw8jye81.jpg','../MemeData/r_ProgrammerHumor/3g847yw8jye81.jpg','2022-02-01 10:35:19'),(338,1,'3qss888ycve81.jpg','../MemeData/r_ProgrammerHumor/3qss888ycve81.jpg','2022-02-01 10:35:19'),(339,1,'3x5pix7xbye81.jpg','../MemeData/r_ProgrammerHumor/3x5pix7xbye81.jpg','2022-02-01 10:35:19'),(340,1,'3zqlvf1u72f81.jpg','../MemeData/r_ProgrammerHumor/3zqlvf1u72f81.jpg','2022-02-01 10:35:19'),(341,1,'499drz6f4se81.png','../MemeData/r_ProgrammerHumor/499drz6f4se81.png','2022-02-01 10:35:19'),(342,1,'49j7e3886ue81.jpg','../MemeData/r_ProgrammerHumor/49j7e3886ue81.jpg','2022-02-01 10:35:19'),(343,1,'4dn8l6xwpye81.jpg','../MemeData/r_ProgrammerHumor/4dn8l6xwpye81.jpg','2022-02-01 10:35:19'),(344,1,'4k97ba7drk341.png','../MemeData/r_ProgrammerHumor/4k97ba7drk341.png','2022-02-01 10:35:19'),(345,1,'5dlx3w4ov2f81.jpg','../MemeData/r_ProgrammerHumor/5dlx3w4ov2f81.jpg','2022-02-01 10:35:19'),(346,1,'5kdwf8wykte81.jpg','../MemeData/r_ProgrammerHumor/5kdwf8wykte81.jpg','2022-02-01 10:35:19'),(347,1,'69v59kgt7ue81.png','../MemeData/r_ProgrammerHumor/69v59kgt7ue81.png','2022-02-01 10:35:19'),(348,1,'6ikc9v3t2we81.png','../MemeData/r_ProgrammerHumor/6ikc9v3t2we81.png','2022-02-01 10:35:19'),(349,1,'7gcqu3dl8re81.jpg','../MemeData/r_ProgrammerHumor/7gcqu3dl8re81.jpg','2022-02-01 10:35:19'),(350,1,'7lwuwn18i0f81.jpg','../MemeData/r_ProgrammerHumor/7lwuwn18i0f81.jpg','2022-02-01 10:35:19'),(351,1,'8exk25p2zue81.png','../MemeData/r_ProgrammerHumor/8exk25p2zue81.png','2022-02-01 10:35:19'),(352,1,'8vcdoct1a2f81.png','../MemeData/r_ProgrammerHumor/8vcdoct1a2f81.png','2022-02-01 10:35:19'),(353,1,'99xje92kcte81.jpg','../MemeData/r_ProgrammerHumor/99xje92kcte81.jpg','2022-02-01 10:35:19'),(354,1,'9vto5zezlte81.png','../MemeData/r_ProgrammerHumor/9vto5zezlte81.png','2022-02-01 10:35:19'),(355,1,'am7emri3hze81.jpg','../MemeData/r_ProgrammerHumor/am7emri3hze81.jpg','2022-02-01 10:35:19'),(356,1,'at31pmymo2f81.jpg','../MemeData/r_ProgrammerHumor/at31pmymo2f81.jpg','2022-02-01 10:35:19'),(357,1,'bw7n6ar5l0f81.jpg','../MemeData/r_ProgrammerHumor/bw7n6ar5l0f81.jpg','2022-02-01 10:35:19'),(358,1,'d7rvcf0f0xe81.png','../MemeData/r_ProgrammerHumor/d7rvcf0f0xe81.png','2022-02-01 10:35:19'),(359,1,'dc775z73kwe81.png','../MemeData/r_ProgrammerHumor/dc775z73kwe81.png','2022-02-01 10:35:19'),(360,1,'dman8s0k31f81.png','../MemeData/r_ProgrammerHumor/dman8s0k31f81.png','2022-02-01 10:35:19'),(361,1,'dq1fd85dmxe81.png','../MemeData/r_ProgrammerHumor/dq1fd85dmxe81.png','2022-02-01 10:35:19'),(362,1,'exsgqbq8jwe81.jpg','../MemeData/r_ProgrammerHumor/exsgqbq8jwe81.jpg','2022-02-01 10:35:19'),(363,1,'f78425m5q0f81.jpg','../MemeData/r_ProgrammerHumor/f78425m5q0f81.jpg','2022-02-01 10:35:19'),(364,1,'frp620p3h1f81.jpg','../MemeData/r_ProgrammerHumor/frp620p3h1f81.jpg','2022-02-01 10:35:19'),(365,1,'fxgzjgfno0f81.png','../MemeData/r_ProgrammerHumor/fxgzjgfno0f81.png','2022-02-01 10:35:19'),(366,1,'gi9jbadahve81.jpg','../MemeData/r_ProgrammerHumor/gi9jbadahve81.jpg','2022-02-01 10:35:19'),(367,1,'gkznru7vbze81.png','../MemeData/r_ProgrammerHumor/gkznru7vbze81.png','2022-02-01 10:35:19'),(368,1,'hfg0clew61f81.png','../MemeData/r_ProgrammerHumor/hfg0clew61f81.png','2022-02-01 10:35:19'),(369,1,'hg5bxfyst0f81.png','../MemeData/r_ProgrammerHumor/hg5bxfyst0f81.png','2022-02-01 10:35:19'),(370,1,'i2772e6pi0f81.png','../MemeData/r_ProgrammerHumor/i2772e6pi0f81.png','2022-02-01 10:35:19'),(371,1,'ic5cukleewe81.jpg','../MemeData/r_ProgrammerHumor/ic5cukleewe81.jpg','2022-02-01 10:35:19'),(372,1,'ik6hipephze81.jpg','../MemeData/r_ProgrammerHumor/ik6hipephze81.jpg','2022-02-01 10:35:19'),(373,1,'ird4a6dr13f81.jpg','../MemeData/r_ProgrammerHumor/ird4a6dr13f81.jpg','2022-02-01 10:35:19'),(374,1,'iwjl0dlob2f81.jpg','../MemeData/r_ProgrammerHumor/iwjl0dlob2f81.jpg','2022-02-01 10:35:19'),(375,1,'iwo8inv4dwe81.jpg','../MemeData/r_ProgrammerHumor/iwo8inv4dwe81.jpg','2022-02-01 10:35:19'),(376,1,'jdzl198ibwe81.jpg','../MemeData/r_ProgrammerHumor/jdzl198ibwe81.jpg','2022-02-01 10:35:19'),(377,1,'jfd6n50dsye81.jpg','../MemeData/r_ProgrammerHumor/jfd6n50dsye81.jpg','2022-02-01 10:35:19'),(378,1,'jop3ig1hd1f81.jpg','../MemeData/r_ProgrammerHumor/jop3ig1hd1f81.jpg','2022-02-01 10:35:19'),(379,1,'jqkc4ox3z0f81.png','../MemeData/r_ProgrammerHumor/jqkc4ox3z0f81.png','2022-02-01 10:35:19'),(380,1,'jtu5kgh7j0f81.jpg','../MemeData/r_ProgrammerHumor/jtu5kgh7j0f81.jpg','2022-02-01 10:35:19'),(381,1,'jtuh81dxaye81.jpg','../MemeData/r_ProgrammerHumor/jtuh81dxaye81.jpg','2022-02-01 10:35:19'),(382,1,'kjxhmem55we81.png','../MemeData/r_ProgrammerHumor/kjxhmem55we81.png','2022-02-01 10:35:19'),(383,1,'lfefe5si3we81.gif','../MemeData/r_ProgrammerHumor/lfefe5si3we81.gif','2022-02-01 10:35:19'),(384,1,'lqxosjxtrye81.gif','../MemeData/r_ProgrammerHumor/lqxosjxtrye81.gif','2022-02-01 10:35:19'),(385,1,'lrcevdw5ete81.jpg','../MemeData/r_ProgrammerHumor/lrcevdw5ete81.jpg','2022-02-01 10:35:19'),(386,1,'ml0w9mlec2f81.jpg','../MemeData/r_ProgrammerHumor/ml0w9mlec2f81.jpg','2022-02-01 10:35:19'),(387,1,'n20i0qikuye81.jpg','../MemeData/r_ProgrammerHumor/n20i0qikuye81.jpg','2022-02-01 10:35:19'),(388,1,'nkgc07s3j1f81.jpg','../MemeData/r_ProgrammerHumor/nkgc07s3j1f81.jpg','2022-02-01 10:35:19'),(389,1,'npecm0qhy2f81.jpg','../MemeData/r_ProgrammerHumor/npecm0qhy2f81.jpg','2022-02-01 10:35:19'),(390,1,'ntfdq1b9o0f81.jpg','../MemeData/r_ProgrammerHumor/ntfdq1b9o0f81.jpg','2022-02-01 10:35:19'),(391,1,'nysnq0xoc0f81.jpg','../MemeData/r_ProgrammerHumor/nysnq0xoc0f81.jpg','2022-02-01 10:35:19'),(392,1,'oe1pph4poze81.jpg','../MemeData/r_ProgrammerHumor/oe1pph4poze81.jpg','2022-02-01 10:35:19'),(393,1,'p21kzuiaiwe81.jpg','../MemeData/r_ProgrammerHumor/p21kzuiaiwe81.jpg','2022-02-01 10:35:19'),(394,1,'p4xwqosru2f81.jpg','../MemeData/r_ProgrammerHumor/p4xwqosru2f81.jpg','2022-02-01 10:35:19'),(395,1,'q5n2s7ge82f81.png','../MemeData/r_ProgrammerHumor/q5n2s7ge82f81.png','2022-02-01 10:35:19'),(396,1,'q7mduwdwt0f81.jpg','../MemeData/r_ProgrammerHumor/q7mduwdwt0f81.jpg','2022-02-01 10:35:19'),(397,1,'qdp2ky47h1f81.jpg','../MemeData/r_ProgrammerHumor/qdp2ky47h1f81.jpg','2022-02-01 10:35:19'),(398,1,'r2wgnsuct2f81.jpg','../MemeData/r_ProgrammerHumor/r2wgnsuct2f81.jpg','2022-02-01 10:35:19'),(399,1,'rdl53wi46ve81.jpg','../MemeData/r_ProgrammerHumor/rdl53wi46ve81.jpg','2022-02-01 10:35:19'),(400,1,'roawgzexw2f81.jpg','../MemeData/r_ProgrammerHumor/roawgzexw2f81.jpg','2022-02-01 10:35:19'),(401,1,'S6uiuUU.jpg','../MemeData/r_ProgrammerHumor/S6uiuUU.jpg','2022-02-01 10:35:19'),(402,1,'sicnwl5o9ue81.png','../MemeData/r_ProgrammerHumor/sicnwl5o9ue81.png','2022-02-01 10:35:19'),(403,1,'tigumogu8we81.png','../MemeData/r_ProgrammerHumor/tigumogu8we81.png','2022-02-01 10:35:19'),(404,1,'ulfddxscy1f81.jpg','../MemeData/r_ProgrammerHumor/ulfddxscy1f81.jpg','2022-02-01 10:35:19'),(405,1,'uyn7ybsxqze81.jpg','../MemeData/r_ProgrammerHumor/uyn7ybsxqze81.jpg','2022-02-01 10:35:19'),(406,1,'vdvx1yunh0f81.jpg','../MemeData/r_ProgrammerHumor/vdvx1yunh0f81.jpg','2022-02-01 10:35:19'),(407,1,'vetgstamzue81.jpg','../MemeData/r_ProgrammerHumor/vetgstamzue81.jpg','2022-02-01 10:35:19'),(408,1,'vyxjaiivr4z31.jpg','../MemeData/r_ProgrammerHumor/vyxjaiivr4z31.jpg','2022-02-01 10:35:19'),(409,1,'x1efi7gqhze81.jpg','../MemeData/r_ProgrammerHumor/x1efi7gqhze81.jpg','2022-02-01 10:35:19'),(410,1,'ydyili9yf1f81.jpg','../MemeData/r_ProgrammerHumor/ydyili9yf1f81.jpg','2022-02-01 10:35:19'),(411,1,'yp04p2utore81.gif','../MemeData/r_ProgrammerHumor/yp04p2utore81.gif','2022-02-01 10:35:19'),(412,1,'yrjs8jee9ve81.png','../MemeData/r_ProgrammerHumor/yrjs8jee9ve81.png','2022-02-01 10:35:19'),(413,1,'zhgkgvx520f81.png','../MemeData/r_ProgrammerHumor/zhgkgvx520f81.png','2022-02-01 10:35:19'),(414,1,'zqcxjyagd2f81.png','../MemeData/r_ProgrammerHumor/zqcxjyagd2f81.png','2022-02-01 10:35:19'),(415,1,'zwpt9z9s21f81.jpg','../MemeData/r_ProgrammerHumor/zwpt9z9s21f81.jpg','2022-02-01 10:35:19');
/*!40000 ALTER TABLE `meme` ENABLE KEYS */;
UNLOCK TABLES;

--
-- Table structure for table `memeuser`
--

DROP TABLE IF EXISTS `memeuser`;
/*!40101 SET @saved_cs_client     = @@character_set_client */;
/*!40101 SET character_set_client = utf8 */;
CREATE TABLE `memeuser` (
  `id` int(11) NOT NULL AUTO_INCREMENT,
  `mailadresse` varchar(50) NOT NULL,
  `passwort` varchar(30) NOT NULL,
  `nickname` varchar(20) NOT NULL,
  PRIMARY KEY (`id`),
  UNIQUE KEY `mailadresse` (`mailadresse`),
  UNIQUE KEY `nickname` (`nickname`)
) ENGINE=InnoDB AUTO_INCREMENT=11 DEFAULT CHARSET=utf8mb4;
/*!40101 SET character_set_client = @saved_cs_client */;

--
-- Dumping data for table `memeuser`
--

LOCK TABLES `memeuser` WRITE;
/*!40000 ALTER TABLE `memeuser` DISABLE KEYS */;
INSERT INTO `memeuser` VALUES (1,'thefirstone@first.com','1234','TheFirstUser'),(2,'thesecondone@secon.ru','123456','TheSecondOne'),(3,'thethird@third.at','123456','TheThirdOne'),(4,'thefourthone@fourth.de','123456','TheFourthOne'),(5,'thefithtone@fitht.com','123456','TheFithOne'),(6,'jonaskahle@gmx.ru',' 1234','InfionixX'),(7,'tim.harbeck@harbeckdom.de','123456','Timmermann00'),(8,'chad@chadmail.com','1234','Chad'),(10,'bingbang@goinghard.com','1234','BingBang');
/*!40000 ALTER TABLE `memeuser` ENABLE KEYS */;
UNLOCK TABLES;

--
-- Table structure for table `subcategorie`
--

DROP TABLE IF EXISTS `subcategorie`;
/*!40101 SET @saved_cs_client     = @@character_set_client */;
/*!40101 SET character_set_client = utf8 */;
CREATE TABLE `subcategorie` (
  `id_Sub` int(11) NOT NULL AUTO_INCREMENT,
  `bezeichnung` varchar(30) DEFAULT NULL,
  PRIMARY KEY (`id_Sub`)
) ENGINE=InnoDB AUTO_INCREMENT=5 DEFAULT CHARSET=utf8mb4;
/*!40101 SET character_set_client = @saved_cs_client */;

--
-- Dumping data for table `subcategorie`
--

LOCK TABLES `subcategorie` WRITE;
/*!40000 ALTER TABLE `subcategorie` DISABLE KEYS */;
INSERT INTO `subcategorie` VALUES (1,'ProgrammerHumor'),(2,'GeneralMemes'),(3,'DankMemes'),(4,'CatMemes');
/*!40000 ALTER TABLE `subcategorie` ENABLE KEYS */;
UNLOCK TABLES;
/*!40103 SET TIME_ZONE=@OLD_TIME_ZONE */;

/*!40101 SET SQL_MODE=@OLD_SQL_MODE */;
/*!40014 SET FOREIGN_KEY_CHECKS=@OLD_FOREIGN_KEY_CHECKS */;
/*!40014 SET UNIQUE_CHECKS=@OLD_UNIQUE_CHECKS */;
/*!40101 SET CHARACTER_SET_CLIENT=@OLD_CHARACTER_SET_CLIENT */;
/*!40101 SET CHARACTER_SET_RESULTS=@OLD_CHARACTER_SET_RESULTS */;
/*!40101 SET COLLATION_CONNECTION=@OLD_COLLATION_CONNECTION */;
/*!40111 SET SQL_NOTES=@OLD_SQL_NOTES */;

-- Dump completed on 2022-02-16 21:25:39
